Date,Open,High,Low,Close,Volume,MA20,MA50,RSI,VWAP,CMF,CCI,ADX,OBV,CMF_Left_Slope,CMF_Right_Slope,VWAP_Left_Slope,VWAP_Right_Slope,V_Pattern,Outcome
2010-05-12,28.850000381469727,30.31999969482422,28.31999969482422,29.920000076293945,2098900.0,0.0015667307166606081,0.0005214643041056566,0.7425363302403993,0.0010264871751319848,0.3318440460453228,0.8737430380136508,0.22012378860659707,0.07109277770006851,-0.9608762264950612,1.2393788221993156,-2.361757830359721,0.8289746154223605,1.0,1.0
2010-05-13,29.65999984741211,31.479999542236328,29.549999237060547,30.299999237060547,1505400.0,0.0020982098396584437,0.0007971691390021851,0.7802661441382894,0.00184896189468986,0.33079031748610055,0.8387454695040485,0.2746225732509576,0.07784182815251581,-0.5965740093032484,0.38021995020628807,-1.5442132570205716,2.452836073864368,1.0,1.0
2010-06-28,30.809999465942383,31.11000061035156,30.559999465942383,30.81999969482422,634400.0,0.01102253120389654,0.007026858508062228,0.5600799474698444,0.009250588549790717,0.39166404228611784,0.5767910774322591,0.20521205794485184,0.06235362262702777,-1.1354016666340372,0.6528788905018644,-0.6352226295778346,0.3166154404460798,1.0,1.0
2010-06-30,29.59000015258789,30.520000457763672,29.5,29.899999618530277,503400.0,0.010931852091916022,0.007343867397503451,0.4264019463030447,0.009376525886794607,0.3717555071445149,0.40352968346325696,0.15911447906011741,0.06328613391579424,1.3549462743150522,-0.4816852381337798,0.8756705094178261,-1.019337669787471,0.0,1.0
2010-11-09,30.21999931335449,30.36000061035156,29.940000534057617,29.989999771118164,786000.0,0.008375209337582845,0.0031215568518946912,0.5632641870094157,0.00715194625527249,0.4196354865394816,0.5261443576573283,0.1365981534541417,0.013035431842391247,2.37970615037965,-2.2385081832242424,0.7142180697817614,-0.696621476351579,0.0,1.0
2011-02-04,33.79999923706055,34.0099983215332,33.7400016784668,33.7599983215332,274400.0,0.029951765082025766,0.02768613425151925,0.43598213955942594,0.018207413722817867,0.3001786662499141,0.41122923948925794,0.05149785400775442,0.052321953109028506,0.5592071744657688,-0.48025940365320174,0.09094872257937565,-0.7987128189683229,0.0,1.0
2011-11-04,36.900001525878906,38.34000015258789,36.88999938964844,37.970001220703125,1973000.0,0.035097796999969094,0.03329419833825653,0.708084116394859,0.04383516444223012,0.4826230717579183,0.7748807178609445,0.0921002070337564,0.09117673958187629,-2.409491645994867,1.7017546670375472,-0.7220299504275438,0.9133357184594124,1.0,1.0
2011-11-08,38.0,38.0,37.56999969482422,37.79999923706055,916300.0,0.03654110363667537,0.034077943930342414,0.6871535501141202,0.04438123341071054,0.46694384950460355,0.6171878225018086,0.15916367428204506,0.08190318380873476,1.5185302527592246,-0.37942045375942746,0.7729764913815601,-0.1570484071771533,0.0,1.0
2011-11-09,36.959999084472656,37.650001525878906,36.619998931884766,37.459999084472656,645500.0,0.037140591613224194,0.03438152887896084,0.6432848507555267,0.04454004239556941,0.4730976334516026,0.5532138592858755,0.16043646396523623,0.07900926055441383,0.9209566378348628,-0.11517379322223034,0.7994107665468275,-0.46057205728871753,0.0,1.0
2011-12-01,39.02999877929688,39.369998931884766,38.65999984741211,38.75,774200.0,0.0478331503763037,0.03913253250446122,0.6574193659176986,0.047499749333405006,0.39986623557248596,0.6284480754718385,0.14189785714370992,0.09877984484446789,-1.5747675450313587,0.14898301813389328,-0.35090437606544395,0.12814391534834957,1.0,1.0
2011-12-19,39.400001525878906,39.52000045776367,39.0,39.06999969482422,980500.0,0.05166937492747392,0.04475298711822545,0.5735652116033951,0.051510575524261915,0.40655285803672514,0.5316407373486218,0.11858524469655676,0.10422786271999197,-0.1875711596508281,1.5038167694315066,-0.3247921961981757,1.5996817935114467,1.0,1.0
2011-12-21,39.90999984741211,39.93000030517578,39.34000015258789,39.5,1022700.0,0.053155502683001565,0.04572156823130302,0.5937007008153394,0.05205749456786596,0.3728318019290762,0.5580806807201406,0.16923529285031233,0.10351413292589765,2.1466526787024947,-0.8156719909631804,2.915983161607007,-0.1553036905298042,0.0,1.0
2012-03-20,45.27999877929688,45.5,44.91999816894531,45.43999862670898,879600.0,0.07953552283611995,0.0704823384621037,0.7260884561519467,0.06583519386286496,0.2996249856482466,0.5271591534017357,0.5650657746496389,0.15796696399430452,-0.1378756244516633,0.25329708572605314,-0.14073366085415998,0.41920250289540084,1.0,1.0
2012-03-21,45.52000045776367,46.290000915527344,45.36000061035156,45.79999923706055,815800.0,0.08068664175692725,0.07114526898069079,0.7548099097545717,0.06618857958251506,0.29589547170998987,0.5501808304720996,0.5948342264647349,0.16162438086630299,-0.5947814047349376,0.30926812875177273,-0.524020670722676,0.21061816639099673,1.0,1.0
2012-04-12,47.72999954223633,47.88999938964844,47.2599983215332,47.470001220703125,725700.0,0.09354290317821942,0.08183889983017029,0.6492433519358547,0.07229218262188658,0.4255099952437694,0.5389017790543101,0.7628939801517499,0.15403831186764078,-0.6100612662333943,0.6212033663758363,-0.15135649662833447,0.7598933880206811,1.0,1.0
2012-04-16,47.33000183105469,47.5,46.900001525878906,47.040000915527344,496600.0,0.09468898426382014,0.08337541223485886,0.5790226077333049,0.07272590107078442,0.4040841297021814,0.492118820105037,0.7270252696545794,0.14968733972462225,0.8304108419020186,-0.5183742867517761,1.2286406795320226,-0.3876395824816091,0.0,1.0
2012-04-23,47.720001220703125,48.18999862670898,47.52000045776367,48.13999938964844,677800.0,0.09742698476167991,0.08702049844587148,0.6617645370981793,0.07414775362590176,0.4370543499293353,0.5748808123238373,0.6986867546739056,0.1594024933917229,-0.27109929756568896,0.5669432225628651,-0.32464122668760875,0.20149207637926292,1.0,1.0
2012-05-22,47.900001525878906,48.20000076293945,47.63999938964844,47.970001220703125,534000.0,0.10410196267136587,0.10034829653103897,0.4262040685285576,0.08229860762837454,0.3923607537344979,0.31626228592948064,0.2741414786776011,0.1668944146160385,-0.16609862171055903,0.6724042029805135,-0.35175127928960154,0.1012567298401103,1.0,1.0
2012-05-24,48.20000076293945,48.36000061035156,47.720001220703125,47.97999954223633,506200.0,0.10365864278187645,0.10095753168024135,0.42779772416485823,0.08277974508351171,0.3610157297314525,0.3544996000836767,0.24496783420497867,0.16640215625302618,0.1451831164314264,-0.7582195353842401,0.46254985942691257,-0.29031556100736566,0.0,1.0
2012-07-05,49.97999954223633,50.65999984741211,49.79999923706055,49.880001068115234,1015800.0,0.10294328843905193,0.10453756383301196,0.6288158225648894,0.09220252741104995,0.3333825232760046,0.6048467924985967,0.17786494568312225,0.1695825577350018,1.5295059805083018,-1.1293339758108882,0.5284000294037762,-0.031750533026913774,0.0,1.0
2012-07-12,49.470001220703125,49.97999954223633,49.380001068115234,49.83000183105469,1001900.0,0.10583493954767104,0.10501669125963689,0.6103740666680226,0.09365254105183501,0.3685074101160365,0.5090683459289599,0.18086711339121134,0.17388780095905199,-0.45520879858502106,0.23620691968821858,-0.4584660032017788,0.04854600830602952,1.0,1.0
2012-07-31,50.66999816894531,50.66999816894531,49.75,50.25,619500.0,0.11110943097860332,0.1069559187377577,0.5215649394694373,0.09692680539776871,0.3647439971957694,0.4738977601117786,0.160063180009291,0.16429817765774685,0.24301293762209114,-1.4588607642775944,0.31251699078665285,-0.17839669644592554,0.0,1.0
2012-08-02,48.4900016784668,48.4900016784668,47.0099983215332,47.790000915527344,1598200.0,0.11003135922698792,0.1069683098556444,0.2723185248284104,0.09845650699646258,0.38061482287940196,0.20669977493589536,0.21011662306316234,0.1453090198947697,-1.1099891790573397,0.3834596959233007,-0.15750162595877487,1.8617851960089196,1.0,1.0
2012-08-03,48.150001525878906,48.290000915527344,47.2400016784668,47.380001068115234,856300.0,0.10944950319322772,0.1069084191242696,0.2405237362780594,0.09875105500845377,0.3556904668768761,0.2430568583641093,0.23249501426978733,0.14147003231510275,-0.9815658511397749,0.1345388995937636,-0.1475594209577954,0.49957327332259494,1.0,1.0
2012-08-08,46.84000015258789,49.470001220703125,46.0,48.959999084472656,1617700.0,0.10771400884062249,0.10674836583905142,0.443651284954336,0.10023498225552818,0.37796141621789664,0.3621901222183306,0.2755481577086647,0.1494748347482399,-0.8642685989659415,1.5068210276744467,-0.058241156215798444,0.963918066118462,1.0,1.0
2012-10-31,47.630001068115234,52.130001068115234,47.630001068115234,51.119998931884766,3441000.0,0.09755544619640644,0.10160187650676461,0.7781485847957048,0.11228752122397373,0.43331642382809155,0.7489507851588479,0.21382346604244631,0.141852003285309,-0.7277127236884358,1.5874313119303376,-0.6277244421700632,1.660520554453856,1.0,1.0
2012-11-08,49.52000045776367,49.619998931884766,49.18999862670898,49.33000183105469,495300.0,0.10089293467081498,0.10251985993145257,0.5289903754204939,0.11454447721956779,0.40188368592525026,0.4986959774051266,0.20622408880341678,0.14099839679789972,0.08571915211364721,-0.13342056431001956,0.24546667483661622,-0.3939142089411062,0.0,1.0
2012-12-04,49.9900016784668,49.9900016784668,48.25,48.59999847412109,1498800.0,0.10526315726258628,0.10355762442498362,0.43231479175885695,0.11824560583934346,0.37898723247906385,0.4463661949465449,0.07237020882284873,0.1330675676160349,-1.6355487156463118,0.12355663520333458,-0.22932970890562662,0.20767014958312469,1.0,1.0
2012-12-18,50.09000015258789,50.630001068115234,49.84999847412109,50.22999954223633,939000.0,0.10678454698195342,0.10575396887945118,0.5834667398607003,0.12103518127345075,0.46045088883122015,0.5795854411225091,0.08043244617927572,0.14257425121136802,-0.25621066689543537,0.5705871048216592,-0.32034300621782946,0.35284139076780285,1.0,1.0
2012-12-19,50.4900016784668,51.369998931884766,49.900001525878906,51.11000061035156,1270100.0,0.10762332780690431,0.10605858665100562,0.6646064440509833,0.1214847467449956,0.4932781566556012,0.6283258250220678,0.11074896723883512,0.14826839826839827,-0.2134439621959341,0.8476392658158504,-0.3368437351987494,0.2870198433472839,1.0,1.0
2012-12-27,49.97999954223633,50.27000045776367,49.2400016784668,50.11000061035156,626900.0,0.11033865948763777,0.10767460948378851,0.5027490340322038,0.12416162601126463,0.49778840660851587,0.44514311963102937,0.14664803021906228,0.128309070106916,1.1669317175103966,-0.318846068467546,5.554868969982695,-0.5892180577248001,0.0,1.0
2013-01-02,51.65999984741211,53.0,51.16999816894531,52.97999954223633,1305600.0,0.11160312825928953,0.10894161261252391,0.7703939027254163,0.1252043349463517,0.5289484795781186,0.6685044878275231,0.1475557275173077,0.14148975851544204,-0.08108803428979845,0.8313080936040371,-0.39199437879933274,0.36334850807177055,1.0,1.0
2013-01-03,52.93999862670898,53.59999847412109,52.79999923706055,53.59000015258789,1201700.0,0.11286003979769704,0.10962622807979602,0.8051930497107977,0.12568503715755536,0.5980025018270709,0.689796301702527,0.18054191979086273,0.1468772528217433,-0.11232443429233752,2.4905985865805604,-0.2398721319169035,0.7451235794287792,1.0,1.0
2013-01-18,53.619998931884766,54.650001525878906,53.56999969482422,54.58000183105469,574600.0,0.12492789778523505,0.11620184025972155,0.7085887082077666,0.12946590795474416,0.5160507029259159,0.5046888792892333,0.45627218310680806,0.14545606975184439,1.7661964849213538,-0.14197579441112704,0.45585602559468796,-0.06956921573451484,0.0,1.0
2013-01-23,54.68000030517578,54.75,54.369998931884766,54.52000045776367,424100.0,0.12668354347866656,0.11725406191091806,0.6982706843076374,0.12994733296861577,0.48098619992657143,0.5079184809875286,0.4778380448157443,0.14016586147903465,0.16790698622936848,-0.8481565364027231,0.14766878473709985,-0.2897253678619413,0.0,1.0
2013-02-28,58.29999923706055,58.810001373291016,57.150001525878906,58.470001220703125,1249600.0,0.13597057984952343,0.13298472728366897,0.751518005620661,0.1367378994375304,0.32430575042863513,0.7396619580879829,0.35135065259258713,0.14404205984570526,-0.5863740180675525,0.7284202387061807,-0.2775391974233226,2.2896191971009046,1.0,1.0
2013-03-01,58.18000030517578,59.02000045776367,57.970001220703125,59.0,956900.0,0.13693782210920086,0.13388412383457346,0.7758765722191745,0.13720534030331127,0.34969368971817866,0.6805663094352774,0.4078375944011462,0.14833206009676597,-0.3172096726675265,1.3705682207075878,-0.15597740437485866,0.9071455796825869,1.0,1.0
2013-03-12,59.84999847412109,59.95000076293945,58.65999984741211,58.70000076293945,750700.0,0.1449276452208666,0.14021397575747682,0.6427711241830594,0.1394148981432896,0.3844993770666882,0.5039043763957469,0.6518111310189989,0.1542992356994014,0.6245924810920636,-0.48425617511814256,0.18482696661983847,-0.04086571123536199,0.0,1.0
2013-04-05,59.02999877929688,59.36000061035156,58.41999816894531,58.900001525878906,1107500.0,0.16279895676646905,0.15219732593168664,0.3708144698302835,0.14570921760612993,0.4525622885307097,0.31482751318404434,0.655025847952,0.16308367136867552,-0.8678801003626938,0.2022937067658607,-0.11259867920440819,0.3224375618394119,1.0,1.0
2013-04-11,61.15999984741211,61.47999954223633,60.77000045776367,61.02999877929688,509700.0,0.1639400000168632,0.1544194854448638,0.5844548102271112,0.1468841766587164,0.4628855455495545,0.49932052724118053,0.5144943652518973,0.16480388570280866,-0.15912266430717348,0.7303221685540254,-0.03584073583857919,0.037760381590764225,1.0,1.0
2013-04-15,60.900001525878906,61.09000015258789,59.91999816894531,59.93000030517578,553600.0,0.1643102727371607,0.15551610942245983,0.4488658454068249,0.14733121836096058,0.3870142653155004,0.41111919613745346,0.4576390868310205,0.16394983089266438,1.5937078976484367,-1.8348643977378176,0.25997129805821106,-0.3602945852405733,0.0,1.0
2013-04-30,60.56999969482422,61.40999984741211,60.2599983215332,61.290000915527344,1019500.0,0.16159746045446494,0.1613090084393289,0.6079398864470151,0.15117687240356564,0.3059414997433794,0.562480049861287,0.2798301045861872,0.15733707055165216,-0.2958422222251206,1.5021482765990288,-0.13966089856015648,0.43480174099955227,1.0,1.0
2013-05-01,56.400001525878906,62.38999938964844,54.68000030517578,60.619998931884766,1261900.0,0.16163524277721097,0.16188933084882665,0.5179532569193226,0.15177996969229085,0.33738802937474116,0.3317209769794507,0.2950713450427386,0.1516796859588906,-0.6451387364884903,1.613848766947836,-0.3012635779226645,0.9951103086315037,1.0,1.0
2013-05-10,61.0099983215332,61.130001068115234,60.560001373291016,60.59000015258789,490500.0,0.16238082605301246,0.16585039352025102,0.49070440727212866,0.15399654581274874,0.28648290734100706,0.5152827924231468,0.3273884814310595,0.1493995165287626,0.33759761582122716,-0.6562352111748893,0.0523124276623814,-0.25555724395964174,0.0,1.0
2013-05-23,59.7400016784668,60.400001525878906,59.060001373291016,59.9900016784668,1053200.0,0.16422967217819978,0.16686337774754126,0.3797892441859125,0.15694167923940833,0.3786893794368958,0.31377528351830875,0.4788124138246648,0.15406745284541473,-0.29682858926874967,0.275790178039813,-0.22306782133835237,0.45248191091399387,1.0,1.0
2013-07-01,59.95000076293945,61.33000183105469,59.95000076293945,60.709999084472656,834200.0,0.15571844032917087,0.16317079152913402,0.6116695084812513,0.1651186036938777,0.31622900187486586,0.6381203396198629,0.5118726202849946,0.15730568796020328,-0.8385154944027091,0.6721645112767394,-0.5473154849436529,0.5066402483994745,1.0,1.0
2013-07-17,62.34000015258789,62.34000015258789,61.72999954223633,61.75,297900.0,0.16351431207016237,0.16495099736325305,0.5641182500829742,0.16783890080542935,0.2986644868834475,0.5004238827714013,0.3557546854581455,0.16138587317129158,0.05397024312176621,-0.7392967787689028,0.2903908808269491,-0.49409130464952966,0.0,1.0
2013-08-01,64.43000030517578,64.98999786376953,64.16000366210938,64.45999908447266,1478200.0,0.17196760641214376,0.1665990302228291,0.748333919852364,0.17159720509277493,0.2789229620282239,0.6742327392076903,0.2968412672851666,0.17572816578616082,-0.7875070432978495,0.05112669708122395,-0.5992249760195055,2.3096576341700574,1.0,1.0
2013-10-14,66.86000061035156,67.29000091552734,66.55999755859375,67.26000213623047,519100.0,0.18928225013915,0.18592315050745387,0.7202965045076462,0.18596755642805302,0.42444109603452973,0.5983427966197898,0.20248967595822723,0.17935061348483056,1.103307895585127,-0.7624252895380532,0.7332331386391531,-0.27403314861697803,0.0,1.0
2013-10-21,68.70999908447266,68.86000061035156,67.75,68.37999725341797,652300.0,0.19190438234899643,0.1883136247076179,0.7381791365321002,0.18750725790856898,0.4838656952482434,0.5666010500175663,0.36048944153808105,0.17529374105596146,-0.4001618070469603,1.1881518684592098,-0.1948184940412005,0.21433124800696943,1.0,1.0
2013-10-28,68.51000213623047,68.94000244140625,67.9000015258789,67.94000244140625,685600.0,0.19570534301458947,0.1913856163001524,0.6093086636771181,0.18897280138551448,0.44453417454875754,0.5046912584700026,0.4029454189893169,0.17145430515355953,0.5713477832760843,-0.5464046232693645,0.0819453308902976,-0.18376357601710777,0.0,1.0
2013-11-15,64.0,64.43000030517578,63.310001373291016,64.37000274658203,717700.0,0.192103372515746,0.19535080986941442,0.3616429952922671,0.19512321181806808,0.4232164916915998,0.38057501735697813,0.4553467071368136,0.15246559571331736,0.945688270446691,-0.3498985660839387,0.17581706961279006,-0.18825753899840642,0.0,1.0
2013-12-26,66.19000244140625,66.41999816894531,65.73999786376953,65.9800033569336,290300.0,0.1895945882350064,0.19432750056401607,0.49919040585288926,0.20413001328636554,0.39888483463960644,0.4930939067637047,0.2352355883916635,0.1652759695427467,0.1909724266194507,-0.7746489306275741,0.278334089505736,-0.8419286089236402,0.0,1.0
2014-01-22,64.01000213623047,64.22000122070312,63.720001220703125,63.970001220703125,532300.0,0.1834007144592935,0.1882754193188346,0.394203882153533,0.20931903314986383,0.239711256724063,0.40432129798953215,0.2588237520955895,0.14593577507827715,0.8684421025772701,-0.5066147308902977,0.2620783828037424,-0.3160279271096947,0.0,1.0
2014-01-27,62.68000030517578,63.68999862670898,62.68000030517578,63.310001373291016,1058800.0,0.18165262599910625,0.1886275370977837,0.3194376626041721,0.2103090224911442,0.28573665202107185,0.3628884862389206,0.2766391881503437,0.1404249920198553,-0.8658886888571151,0.28628644240062007,-0.38471628490408977,0.1910233182207257,1.0,1.0
2014-03-13,63.290000915527344,63.47999954223633,62.2400016784668,62.36000061035156,792600.0,0.18233775236982258,0.18438973735938655,0.30396237493875194,0.22130791947532452,0.1966971565289855,0.33874434432700323,0.21382679737576157,0.12226119641198349,2.609169320345921,-1.5717386773365172,1.567529003629674,-0.27398043890727714,0.0,1.0
2014-03-24,62.59999847412109,62.880001068115234,61.22999954223633,61.619998931884766,923100.0,0.1768944968225113,0.1831361577775674,0.2389913119329003,0.22299825334067452,0.13553257864272208,0.2987569745242312,0.1308323928920003,0.127976414637558,-0.0901214794643258,0.21779225007392092,-0.4382448284256747,0.12227048365973293,1.0,1.0
2014-04-03,60.59000015258789,61.09999847412109,60.400001525878906,60.75,1037200.0,0.17069054545464762,0.18066307507440746,0.27503604603407056,0.2255388126311994,0.20095562448540719,0.35966784450597145,0.19732705538621073,0.1262736848900892,-0.5209304796235827,2.417890167464422,-0.1010258573481902,0.6468114529953092,1.0,1.0
2014-04-04,61.11000061035156,61.2400016784668,59.380001068115234,59.56999969482422,871800.0,0.17001800934803807,0.18018911018683662,0.17104870702735397,0.22576525990765856,0.19714398622589635,0.33152438205572365,0.20587837001765077,0.12236520728649974,0.19384885191463536,-0.6131467460589319,0.19498390194860155,-0.21521070455941516,0.0,1.0
2014-04-07,59.34000015258789,59.86000061035156,58.29999923706055,58.34000015258789,837600.0,0.1686301179377352,0.17964905920590082,0.09106095559756705,0.22596455005483046,0.10062710772099465,0.282772602205381,0.22988278927974168,0.1186100560582748,4.212868284068399,-2.426240369729796,1.1838102717060603,-0.4040200496413392,0.0,1.0
2014-04-09,59.13999938964844,59.290000915527344,58.70000076293945,59.0,1456100.0,0.16633291793132715,0.17869183678168046,0.1879691608519261,0.22665185695754825,0.15280356492947922,0.31915102118541916,0.275780191922503,0.13106446163612692,-0.13241054440496539,1.2613298553397658,-0.298606130284018,0.13283206132775327,1.0,1.0
2014-07-02,60.81999969482422,61.52999877929688,60.22999954223633,60.58000183105469,698400.0,0.16379642507651704,0.16603936072689343,0.4789099670894455,0.23692132310477415,0.3199463928496182,0.4669213029378979,0.131595383345023,0.12659647725927758,5.114778136742381,-0.5728686567059207,0.2355035695683946,-0.4542927264874279,0.0,1.0
2014-11-03,62.52000045776367,63.0,61.88999938964844,62.0,394800.0,0.1649727302907507,0.17626315364757436,0.5037954997914136,0.2505622240155679,0.34492646714233455,0.5351793544397345,0.17024274327121006,0.15590467941337866,0.444293622990971,-0.1829069063022644,0.1464478998896115,-0.6344289700502042,0.0,1.0
2015-02-25,70.0,74.75,70.0,72.18000030517578,3931100.0,0.19525699009423764,0.19063595071370362,0.9583923430438923,0.26463860953644286,0.45065041019657526,0.7207807245765832,0.585708489008528,0.2168187377383732,-0.7170067364908901,0.25792274325330594,-0.41281021603946144,2.1732287519492255,1.0,1.0
2015-03-09,70.86000061035156,71.63999938964844,70.55000305175781,71.36000061035156,1704800.0,0.20776061073802082,0.19685634743368505,0.7207976505374354,0.267425606085053,0.39502665050890146,0.4979397802097715,0.7956144831724117,0.22678988368714964,-1.395195947854133,0.5122166446371827,-0.2562992664117146,0.41230306582375514,1.0,1.0
2015-04-14,72.36000061035156,72.91000366210938,72.08000183105469,72.75,753900.0,0.2199141080805952,0.21631057504698073,0.6346670606052962,0.2754238618813066,0.34599849864450655,0.539709014992182,0.3374887111987602,0.24426684886502617,1.625621055486065,-0.45129021690379356,0.04170759251824073,-0.3797627312401354,0.0,1.0
2015-06-08,73.6500015258789,73.98999786376953,73.16999816894531,73.19999694824219,715400.0,0.2289668875165189,0.23252036469510426,0.4267128748968276,0.2927184570706149,0.09517178472023008,0.4436310784459158,0.04924189243338123,0.21727961350993663,1.7631313727409872,-1.5683669720281972,0.16621203346115507,-0.09231381244689023,0.0,1.0
2015-06-26,74.88999938964844,75.08000183105469,74.33000183105469,74.51000213623047,990900.0,0.23329428898946886,0.23603947289965752,0.48137169602069146,0.29695248472261365,0.3009506703656433,0.48323997705433863,0.011491768960612908,0.21846856540311388,-0.38172510759944167,1.932549794862498,-0.17892179501484307,0.050528464136959064,1.0,1.0
2015-06-30,73.33999633789062,73.33999633789062,72.58000183105469,72.76000213623047,697800.0,0.23304744179042897,0.23616545130002345,0.3104145075750859,0.2973386945854363,0.278140526896091,0.2732124423489035,0.06939587598766836,0.21901820907620412,1.022982815027719,-0.5518461266360893,0.04057983371752883,-0.48514745997809133,0.0,1.0
2015-07-01,73.12000274658203,73.2699966430664,72.55999755859375,72.94999694824219,989900.0,0.2327376211708726,0.23620055940171827,0.3335119328700777,0.2976413187338716,0.2497107865831143,0.29281534158463374,0.095962036991972,0.22345615582980952,1.7473707760602273,-0.43249600221184503,0.04804089413482463,-0.22175216276614595,0.0,1.0
2015-07-09,72.66000366210938,72.98999786376953,72.30000305175781,72.4000015258789,684700.0,0.23170740837328518,0.2363657748320839,0.31417674172540416,0.29893855894264804,0.25760676785811765,0.3155376928218584,0.14424287845315473,0.22762017739233978,0.09865091178524264,-1.2175422610015487,0.11299023590167896,-0.42809081300014845,0.0,1.0
2015-07-22,73.76000213623047,74.58000183105469,73.76000213623047,74.41000366210938,700300.0,0.23155627716056354,0.2365020790983711,0.46543956043514173,0.3010125296149326,0.286631341151926,0.4578313244114989,0.12594707036171607,0.23923801274671203,-0.511976389411409,0.3828671933205591,-0.4712026309035592,0.07321136204594568,1.0,1.0
2015-07-30,78.69999694824219,78.91999816894531,77.83999633789062,78.56999969482422,922000.0,0.23414566296113287,0.23763897371671602,0.6939928880182018,0.3032852221333529,0.39323270669591,0.677579971018798,0.19119896813481832,0.24697695979800371,-0.2576318376624215,1.4805580307105166,-0.15431715706297522,1.4312525821323447,1.0,1.0
2015-08-27,73.30000305175781,74.69000244140625,73.0199966430664,74.25,949200.0,0.24239997001897118,0.2426646499450367,0.38504127624506185,0.3086532107366234,0.3265771745959753,0.3487302050440044,0.21694656501174356,0.22421920112475208,1.5790059160821306,-0.3263426592284008,0.6014396158939677,-0.23510983287810086,0.0,1.0
2015-09-08,73.97000122070312,74.80999755859375,73.36000061035156,74.77999877929688,539600.0,0.23485850463200142,0.24158867848709617,0.4549499922981835,0.31018895650218364,0.3635288196268328,0.4246708959727653,0.22005614111143615,0.22158306344304687,0.7744151620397731,-0.4115120676733772,0.08273960434480208,-0.6583353757257422,0.0,1.0
2015-10-01,78.01000213623047,78.7699966430664,76.87999725341797,78.16000366210938,5101600.0,0.2309114496280245,0.24151536460271153,0.6485649227721548,0.3150451573274384,0.41273056375603523,0.9150876352806709,0.07236599757181811,0.24485728990699995,-0.7143531579778981,1.5373409586345101,-0.5642514882028585,2.865786140064576,1.0,1.0
2015-11-10,70.87999725341797,71.5199966430664,70.47000122070312,71.02999877929688,2038800.0,0.2380876810907721,0.2447618658503166,0.2595148977382247,0.34011599122082065,0.30458860234423,0.3705998088888382,0.49340866860674093,0.35223282654931376,-2.5905680589803373,0.8729045380834056,-0.049470261353212225,0.22278393932399237,1.0,1.0
2015-12-04,75.16000366210938,75.62999725341797,74.19000244140625,75.31999969482422,650700.0,0.22762937541915051,0.2447907785900212,0.5209970598984706,0.3446336142381475,0.45012111417025225,0.5222634339143588,0.20112505484794982,0.36661546821033153,2.3589324287251303,-0.26095100395450593,0.3639017589806798,-0.5253847096775867,0.0,1.0
2015-12-11,75.18000030517578,75.81999969482422,74.80999755859375,75.05000305175781,842500.0,0.23420863638164935,0.24586055389815856,0.46348049875917235,0.3463400423834441,0.4109852520834315,0.4821660066674228,0.20682424080362868,0.35890252387766886,0.6594782031479376,-1.034063016623651,0.05969380946483875,-0.2639424492309297,0.0,1.0
2015-12-16,77.62999725341797,79.04000091552734,77.12999725341797,78.81999969482422,1203100.0,0.23828414993774638,0.24484447356549946,0.6783586214182002,0.3472919413723509,0.490309282122375,0.6383215457723073,0.24632141610512368,0.37440014418059164,-1.8031968125982287,0.7097687373730609,-0.3582347179934438,0.17028449662484427,1.0,1.0
2016-01-07,73.30000305175781,73.80999755859375,72.4800033569336,73.04000091552734,1274600.0,0.24348811551926203,0.23872733747426292,0.24892523378647097,0.3511158418470825,0.3412117986120085,0.22552886857920956,0.181113084437704,0.34392450962459253,1.9547985793500182,-1.797678425716986,0.06613193845532707,-0.23824018428479074,0.0,1.0
2016-02-03,70.83999633789062,71.30000305175781,68.08000183105469,68.87000274658203,1822300.0,0.22142542020781159,0.23873662894162193,0.21586507553603457,0.3558554876852605,0.2580350908557303,0.2828053519903413,0.2789728091613123,0.31793210241843217,1.128985250611696,-1.6237134718595578,0.05752927021868143,-0.11624532107316254,0.0,1.0
2016-02-29,74.0199966430664,74.25,72.80000305175781,72.83999633789062,1005000.0,0.20822659367942364,0.2278313146895051,0.5665813793873584,0.3601189317624672,0.21459812609825446,0.585096098061749,0.2857704815398028,0.34879015626737253,2.3913669357981324,-1.262017065730782,1.100457193002906,-0.4290053528684904,0.0,1.0
2016-03-01,73.2300033569336,74.55999755859375,72.69999694824219,74.33999633789062,927200.0,0.20878829837235763,0.22736870849079152,0.6291768124346975,0.36031984813392154,0.23341599157722048,0.5931327410809395,0.27885383078148296,0.35294700466614304,2.587195374809677,-0.8607907250890209,0.21628135014178632,-0.4512675435370301,0.0,1.0
2016-06-08,79.7699966430664,80.12999725341797,79.16999816894531,79.91999816894531,537300.0,0.25429150953949237,0.25983992420696245,0.6120288455107641,0.3712194619559594,0.4245830722539012,0.520043032841724,0.30444745892247493,0.3763651427280259,1.3059663720556107,-0.08476330649526924,0.13523871513835783,-0.5919759445149495,0.0,1.0
2016-09-23,81.08000183105469,81.66000366210938,80.56999969482422,81.31999969482422,1637600.0,0.27339957743920085,0.28274304303360875,0.3552898947779402,0.3843683093694585,0.25215033113481095,0.3617659045620059,0.08760627489079184,0.39051689818052704,-0.8323312960957264,0.12161237113788156,-0.6070684716422822,0.12797543702186132,1.0,1.0
2016-11-03,82.56999969482422,82.98999786376953,82.08000183105469,82.41000366210938,1092300.0,0.26588581966543284,0.2755261884350334,0.5966879672145309,0.39004727157601143,0.1762103574362548,0.5566274827038779,0.08095784469760609,0.3975856027430178,-1.2294323293170437,0.22735649192257293,-0.3797259546458719,0.2599205959943196,1.0,1.0
2017-03-21,81.08000183105469,81.38999938964844,79.58999633789062,79.62999725341797,884300.0,0.27091597945188756,0.2808347935471581,0.25968328765640086,0.4079544387263195,0.23357053550169515,0.36142375976566415,0.3614077826115015,0.4057984269251875,0.5927522367248117,-1.305948768855449,0.036464598707750616,-0.34941976814306774,0.0,1.0
2017-05-05,78.80999755859375,79.7699966430664,78.44000244140625,79.76000213623047,1329700.0,0.2661528182052989,0.2729498411640632,0.36833202168659346,0.4142781570757183,0.2805605162928374,0.37216838369390626,0.4099390289162702,0.41392113823762544,-0.519060155969381,3.374249400952352,-0.1547045614460299,0.23722512319739572,1.0,1.0
2017-11-02,90.3000030517578,91.30999755859376,89.93000030517578,91.0199966430664,1598500.0,0.28718277747764903,0.2837942338314019,0.9619881627853284,0.4357196280644184,0.408860751634748,0.8228264943966136,0.3772903445114688,0.44668366706477725,-0.13903795540043065,1.3574782844255888,-0.5004424617255434,0.9038483764620525,1.0,1.0
2017-11-03,91.08000183105467,91.41000366210938,90.1500015258789,91.02999877929688,877100.0,0.28907947871338907,0.28490634621397315,0.9622406561494081,0.435956572467835,0.4227013443671547,0.6911640673464996,0.4415798965765184,0.4506159057733209,-0.19654641520246302,1.0734488862064258,-0.13499210980391402,0.09587472793191917,1.0,1.0
2017-11-07,91.8000030517578,92.91999816894533,91.6999969482422,92.29000091552734,924500.0,0.2931902580768008,0.2874351891445768,0.9937248817157447,0.43643156112495046,0.4186265560002117,0.6136000139031684,0.564557371470749,0.45833647159247826,1.0592588939831786,-0.09882524585638705,0.4281585267931322,-0.3029355165518394,0.0,1.0
2017-11-20,91.73999786376952,92.55999755859376,91.62000274658205,92.52999877929688,1030800.0,0.30880215289961005,0.29682877204605906,0.7921116153268248,0.4389116568371741,0.45265586560744187,0.5122479724174851,0.6728317874378198,0.4615029750696694,-0.3795256210845331,1.9512470723812665,-0.5219973719192196,0.3732919183203132,1.0,1.0
2017-11-21,92.72000122070312,94.0999984741211,92.6500015258789,93.58000183105467,1269500.0,0.31099356221015556,0.2979315913856452,0.8367680532585593,0.4392772508749883,0.45917406550876017,0.5395402321560674,0.6980620675062145,0.46719443219028967,-1.2287007900452949,0.8573236460860961,-0.07545047638624462,0.06362102204287454,1.0,1.0
2017-11-27,93.87999725341795,94.51000213623048,93.87000274658205,94.22000122070312,685200.0,0.3180337750049324,0.30193292548563144,0.8629868290753502,0.43981689936691076,0.4642646038519555,0.5675432521758408,0.7691124892272658,0.4755139571833855,0.2256662959305383,-0.22154066469977335,0.19251936819246251,-0.7330114218546327,0.0,1.0
2017-12-20,96.37999725341795,97.08999633789062,96.08000183105467,96.31999969482422,822700.0,0.3390637438859707,0.3242546934128159,0.7002765199384624,0.44472990844343724,0.21058186899441972,0.541649507998335,0.8453570388418249,0.4962076379847714,0.621545913496898,-1.5640990981150213,1.714783677561597,-0.10140301087511364,0.0,1.0
2018-01-30,98.29000091552734,99.4000015258789,97.87999725341795,99.12000274658205,1253600.0,0.35114166889610254,0.35101871314485633,0.6761404477303001,0.4507962470648505,0.4212814124210572,0.517587342140966,0.4311527769607365,0.4946689943583067,-0.5904878684051913,0.6601518964245591,-0.36534438530444735,0.21376798671699015,1.0,1.0
2018-02-09,92.9800033569336,93.54000091552734,90.5999984741211,92.91000366210938,1134700.0,0.35061019313614555,0.3533916344758925,0.1775375411491485,0.4536292345086997,0.38142784803683777,0.21720295180016214,0.45248093347439733,0.49880970313861783,0.9598288860956207,-0.360616166928748,0.15243610478561617,-0.10396569243705632,0.0,1.0
2018-03-05,101.2699966430664,103.33999633789062,100.86000061035156,103.08999633789062,857700.0,0.35404340047947874,0.3599135489229941,0.6463058627582052,0.4591173378004109,0.2831483367764537,0.5255973113215645,0.21075180394292367,0.5379774188804843,-1.8825907441381537,0.9347131850008089,-0.0655750656490878,0.09835203616662423,1.0,1.0
2018-03-12,105.81999969482422,106.06999969482422,104.68000030517578,104.86000061035156,681000.0,0.36756967380499866,0.3645427038642466,0.6657230729398684,0.46066028572114387,0.3908662131877545,0.5421015337684925,0.212126046560261,0.545578282529401,-0.5039744337858889,0.5985680822112143,-0.3087929317052935,0.09978988136339134,1.0,1.0
2018-03-14,104.91000366210938,105.0,103.91000366210938,104.08999633789062,508600.0,0.37245374309654494,0.36620725913345353,0.6092614165453614,0.4610557003429446,0.3361431633495388,0.5062611805610325,0.20987966597896598,0.5405301685334826,2.1932000914329426,-1.3235001930892254,0.41523319309802215,-0.46625536941167006,0.0,1.0
2018-03-27,103.83999633789062,104.38999938964844,101.0500030517578,101.66000366210938,962600.0,0.38174581538087077,0.3730317276757702,0.3909329959723477,0.46336618644326705,0.34815461803425063,0.3462276258430467,0.13646083615224677,0.5354116678681716,0.8328953921683399,-0.14281656908163848,0.271727046668691,-0.2064749891342532,0.0,1.0
2018-04-04,102.33999633789062,104.8000030517578,102.33999633789062,104.5199966430664,848900.0,0.3825997087505724,0.3754624736984027,0.5257122843749178,0.46487812765760533,0.3620123599345981,0.43383284794250004,0.07949918276870019,0.5464112661710011,1.1248508067397922,-0.0773765105478817,0.4563575973744502,-0.05134782155877056,0.0,1.0
2018-04-13,106.5999984741211,106.79000091552734,105.18000030517578,105.41999816894533,742300.0,0.38425963653594813,0.3802186390751441,0.5220901984803918,0.46699807230636164,0.32166716533748274,0.5230384078207135,0.04085717110104542,0.5493809559675343,1.1034246009990387,-0.1474877333572337,0.2070017168006088,-0.3419673400917003,0.0,1.0
2018-05-21,106.41999816894533,107.33999633789062,106.41999816894533,107.16000366210938,612200.0,0.3882898220664806,0.3970634824763384,0.5702275873342157,0.47596863844210097,0.40535359639043717,0.5176584017581516,0.15029178025165044,0.5644903287819609,-1.10037251975848,2.3540738534079013,-0.18324277913374515,0.9482114214098535,1.0,1.0
2018-05-31,107.22000122070312,109.33000183105467,106.0,106.23999786376952,1051800.0,0.3888313754185883,0.3981993458473734,0.485029151756098,0.47760004270215645,0.5160640027614984,0.5460781367017085,0.08964729361316662,0.5611422545971013,-0.3951005250336108,1.7720442062658948,-0.5255775631034233,0.07099479591315397,1.0,1.0
2018-08-06,114.29000091552734,115.4000015258789,113.4800033569336,114.58000183105467,540600.0,0.4271885725255267,0.423438211469676,0.6095656840659778,0.4905785745648144,0.466725561677328,0.5718645704177721,0.24988170374291632,0.5725691044663704,1.7577617813652,-0.4077365591843462,1.009832086908213,-0.1937079790310847,0.0,1.0
2018-08-07,114.29000091552734,116.26000213623048,114.29000091552734,116.16999816894533,689400.0,0.42835228459304714,0.42447804200298567,0.6781015055537374,0.49086158852780776,0.47722969161755646,0.6148507643047,0.2583720745707512,0.5756598414013493,0.11930434608084885,-0.13655655866354488,0.462939896003541,-0.2549505132530553,0.0,1.0
2018-09-05,120.05999755859376,120.38999938964844,118.6999969482422,120.05999755859376,728400.0,0.45297161929578994,0.4439942263874349,0.7665428168676991,0.4956226993573036,0.36551878306400987,0.5972143702018068,0.607218025431876,0.5960029338239778,-1.2836046703331365,0.38183015618096844,-0.4104653783281348,0.2120676769424407,1.0,1.0
2018-09-17,121.56999969482422,121.80999755859376,120.2699966430664,120.5500030517578,510400.0,0.4613191248636464,0.45499247343284266,0.6024134867360096,0.49810612089508793,0.3392771325351377,0.5004543269085446,0.7749167077325151,0.6046515277045518,0.1322752593676446,-0.53427162924495,0.11328628450047071,-0.3226583060360338,0.0,1.0
2018-10-08,119.41999816894533,120.12000274658205,118.26000213623048,119.16999816894533,778100.0,0.46667170225984594,0.46704294252335354,0.3937499212078959,0.5033948252263232,0.22960532702835357,0.26285718516348033,0.3940058447402994,0.5977881549546836,-0.42530715254044954,0.41387781101554333,-0.1265939198963128,0.27909952371095015,1.0,1.0
2018-10-29,115.26000213623048,116.8000030517578,112.7300033569336,114.48999786376952,1322800.0,0.44595911795769,0.4671203900629215,0.3338288783500914,0.5083317010779731,0.2653310555381512,0.36529268875870874,0.39963647544862346,0.6001207781448047,-0.5022597238176785,0.5055074066411204,-0.20071629802468202,0.45349080168832595,1.0,1.0
2018-11-28,121.83000183105467,124.3499984741211,121.83000183105467,123.8000030517578,872000.0,0.4676112321019776,0.4691535827633627,0.6005147983643973,0.517288013748364,0.28572119333918444,0.5310057151847278,0.2673834840273258,0.6081654813013554,-0.18856270757948781,0.38154923991747686,-0.6711596640488762,0.12790046159851776,1.0,1.0
2019-01-25,117.0500030517578,117.77999877929688,116.91000366210938,117.23999786376952,524000.0,0.4233800575092958,0.4497695729290827,0.614381215297165,0.5291088642510298,0.477594417165671,0.5809137788732035,0.238577022222446,0.6003982899177598,1.655542765894809,-0.3797061862804016,0.6412397057677478,-0.495860322275684,0.0,1.0
2019-02-26,125.1500015258789,125.66999816894533,125.04000091552734,125.3499984741211,702100.0,0.47318295292749063,0.45207330930403933,0.7357181109619917,0.5353268684123373,0.4645032395873501,0.5264438196673928,0.5300123788364272,0.623446561723281,0.17539937394299993,-0.4009082630788113,0.26325868818091563,-0.17882506786967275,0.0,1.0
2019-03-13,128.77000427246094,129.3000030517578,128.00999450683594,128.75999450683594,849500.0,0.4928325780227821,0.4717856867166178,0.7974992342103597,0.5383965930144556,0.383545534203073,0.612486765859792,0.26575486284646443,0.6372033448462612,-0.6217466675054655,0.26948458729016905,-0.3776638516715669,0.06884314878347471,1.0,1.0
2019-03-22,129.3000030517578,129.64999389648438,128.6300048828125,128.88999938964844,629300.0,0.500666230164782,0.4857681531307906,0.6704910827648434,0.5408188795211053,0.32763324351269596,0.5321348585663859,0.29258626383558217,0.642743268882457,0.5250871547488936,-0.1657182095231892,0.2655251155303858,-0.1693966847781404,0.0,1.0
2019-03-27,131.72000122070312,132.35000610351562,130.85000610351562,131.80999755859375,1270900.0,0.5049382164113285,0.4917035509881239,0.8018581827357769,0.5419699946787766,0.3753429756914283,0.6173472942123417,0.37257693455579544,0.6537953209452796,-0.3146105455840014,0.3867425877944785,-0.09782895828786986,0.5054418900822669,1.0,1.0
2019-07-11,150.25999450683594,151.27000427246094,149.47000122070312,151.19000244140625,532800.0,0.5988010134773454,0.5985768659497641,0.7030942557577515,0.572500608140986,0.3812130686303406,0.5695612902395578,0.27027547311987576,0.7303549460757415,-0.5413115749044064,0.41829766224519194,-0.11636281496986557,0.10736125459134196,1.0,1.0
2019-08-20,158.1699981689453,158.57000732421875,156.6999969482422,158.2100067138672,634300.0,0.6343622841098022,0.6315323661169225,0.6587628645613763,0.5839025495302221,0.37611062317199195,0.5659216940411452,0.27520843348755475,0.7416280212469111,-0.44456612181125016,0.8525530446090547,-0.10866388102710264,0.1986228758880731,1.0,1.0
2019-10-09,155.9499969482422,157.97000122070312,155.47000122070312,157.08999633789062,480600.0,0.650462828769403,0.6661513887303518,0.4415886761581361,0.5982863272876169,0.3364548593394099,0.41910074089957994,0.1428824246098607,0.7546975256171612,0.2458008887040086,-0.036976985924853135,0.266797996349218,-0.18601812044899513,0.0,1.0
2019-10-17,155.80999755859375,156.75,154.88999938964844,155.22000122070312,878900.0,0.6481580772949636,0.6686007232023939,0.3764979910021164,0.6007712094780226,0.3031150020486934,0.36525531850087045,0.11376888770254526,0.7462874394315986,-1.0554103770409662,0.05235741831574953,-0.06662794008519697,0.945112932227093,1.0,1.0
